"draw","site_index","cover","site"
1,1,6.40098995163101,"Mahe E Patch"
2,1,6.92098076273418,"Mahe E Patch"
3,1,7.49651839734484,"Mahe E Patch"
4,1,8.11399005846889,"Mahe E Patch"
5,1,8.77118794546501,"Mahe E Patch"
6,1,9.44956068685932,"Mahe E Patch"
7,1,10.1728322925544,"Mahe E Patch"
8,1,10.9349315696151,"Mahe E Patch"
9,1,11.7385754694254,"Mahe E Patch"
10,1,12.6087333494382,"Mahe E Patch"
11,1,13.5494204408671,"Mahe E Patch"
12,1,14.4968289650955,"Mahe E Patch"
13,1,15.5788948205071,"Mahe E Patch"
14,1,16.6187631509302,"Mahe E Patch"
15,1,17.7229495145243,"Mahe E Patch"
16,1,18.8358884492308,"Mahe E Patch"
17,1,20.0233861043936,"Mahe E Patch"
18,1,21.2203966945734,"Mahe E Patch"
19,1,22.4655519059368,"Mahe E Patch"
20,1,23.739831194357,"Mahe E Patch"
21,1,25.0479472074662,"Mahe E Patch"
22,1,26.3759293921351,"Mahe E Patch"
23,1,27.6694414285697,"Mahe E Patch"
24,1,29.0896033579624,"Mahe E Patch"
25,1,30.456493401614,"Mahe E Patch"
26,1,31.8221610454506,"Mahe E Patch"
27,1,33.2025429613064,"Mahe E Patch"
28,1,34.577895837824,"Mahe E Patch"
29,1,35.9479138940786,"Mahe E Patch"
30,1,37.2612024332447,"Mahe E Patch"
31,1,38.5938200818152,"Mahe E Patch"
32,1,39.9064201640775,"Mahe E Patch"
33,1,41.2286899332086,"Mahe E Patch"
34,1,42.5268745192703,"Mahe E Patch"
35,1,43.8024008491162,"Mahe E Patch"
36,1,45.0430456467443,"Mahe E Patch"
37,1,46.2672101255371,"Mahe E Patch"
38,1,47.4578937739823,"Mahe E Patch"
39,1,48.6232388892951,"Mahe E Patch"
40,1,49.747190880546,"Mahe E Patch"
41,1,50.8548690633925,"Mahe E Patch"
42,1,51.9138802078647,"Mahe E Patch"
43,1,52.947378653987,"Mahe E Patch"
44,1,53.9325190055622,"Mahe E Patch"
45,1,54.8920646756224,"Mahe E Patch"
46,1,55.8206269850053,"Mahe E Patch"
47,1,56.7167121223355,"Mahe E Patch"
48,1,57.5677462762912,"Mahe E Patch"
49,1,58.3747223799036,"Mahe E Patch"
50,1,59.1483536738161,"Mahe E Patch"
51,1,59.8812744915479,"Mahe E Patch"
52,1,60.5817413685544,"Mahe E Patch"
53,1,61.267079817127,"Mahe E Patch"
54,1,61.9326498986156,"Mahe E Patch"
55,1,62.5675261263754,"Mahe E Patch"
56,1,63.1649076871843,"Mahe E Patch"
57,1,63.7393134827972,"Mahe E Patch"
58,1,64.2842277877853,"Mahe E Patch"
59,1,64.8035017851519,"Mahe E Patch"
60,1,65.2946011190283,"Mahe E Patch"
61,1,65.7595089775316,"Mahe E Patch"
62,1,66.1942337952111,"Mahe E Patch"
63,1,66.6091198026641,"Mahe E Patch"
64,1,67.0004097343381,"Mahe E Patch"
65,1,67.3715015443599,"Mahe E Patch"
66,1,67.7231111629229,"Mahe E Patch"
67,1,68.0533855885721,"Mahe E Patch"
68,1,68.3666872500551,"Mahe E Patch"
69,1,68.6611266523857,"Mahe E Patch"
70,1,68.9394618271063,"Mahe E Patch"
71,1,69.2024842190375,"Mahe E Patch"
72,1,69.4509567175119,"Mahe E Patch"
73,1,69.6856134116049,"Mahe E Patch"
74,1,69.9071595479279,"Mahe E Patch"
75,1,70.1171291402937,"Mahe E Patch"
76,1,70.3145600309077,"Mahe E Patch"
77,1,70.4993066383749,"Mahe E Patch"
78,1,70.6740439192499,"Mahe E Patch"
79,1,70.8394558892768,"Mahe E Patch"
80,1,70.9963822523541,"Mahe E Patch"
81,1,71.1442689792083,"Mahe E Patch"
82,1,71.2836117168777,"Mahe E Patch"
83,1,71.4148818612957,"Mahe E Patch"
84,1,71.5385273937098,"Mahe E Patch"
85,1,71.6549737337947,"Mahe E Patch"
86,1,71.7649599629094,"Mahe E Patch"
87,1,71.8675096444317,"Mahe E Patch"
88,1,71.9640881630534,"Mahe E Patch"
89,1,72.0550327376095,"Mahe E Patch"
90,1,72.1406627609512,"Mahe E Patch"
91,1,72.2212805984094,"Mahe E Patch"
92,1,72.2974566548524,"Mahe E Patch"
93,1,72.3687117053089,"Mahe E Patch"
94,1,72.4354920828475,"Mahe E Patch"
95,1,72.4979999179456,"Mahe E Patch"
96,1,72.5568708172559,"Mahe E Patch"
97,1,72.6123125241664,"Mahe E Patch"
98,1,72.6645213613328,"Mahe E Patch"
99,1,72.7136828068063,"Mahe E Patch"
100,1,72.7599720472494,"Mahe E Patch"
1,2,8.42791633890065,"Mahe NW Carbonate"
2,2,9.99614717287711,"Mahe NW Carbonate"
3,2,11.7991835594352,"Mahe NW Carbonate"
4,2,13.8583745407708,"Mahe NW Carbonate"
5,2,16.1508854177524,"Mahe NW Carbonate"
6,2,18.6472113387807,"Mahe NW Carbonate"
7,2,21.32450052807,"Mahe NW Carbonate"
8,2,24.1896185960645,"Mahe NW Carbonate"
9,2,27.1668395270652,"Mahe NW Carbonate"
10,2,30.1666940730263,"Mahe NW Carbonate"
11,2,33.1722999412888,"Mahe NW Carbonate"
12,2,36.2450816161897,"Mahe NW Carbonate"
13,2,39.2072730008448,"Mahe NW Carbonate"
14,2,42.0261117902315,"Mahe NW Carbonate"
15,2,44.665302091441,"Mahe NW Carbonate"
16,2,47.1406948395029,"Mahe NW Carbonate"
17,2,49.4530428711579,"Mahe NW Carbonate"
18,2,51.579962278961,"Mahe NW Carbonate"
19,2,53.5431821790726,"Mahe NW Carbonate"
20,2,55.3230936175575,"Mahe NW Carbonate"
21,2,56.9114452475484,"Mahe NW Carbonate"
22,2,58.3205688734809,"Mahe NW Carbonate"
23,2,59.5664251991632,"Mahe NW Carbonate"
24,2,60.6918080090368,"Mahe NW Carbonate"
25,2,61.6707751375078,"Mahe NW Carbonate"
26,2,62.5414597074502,"Mahe NW Carbonate"
27,2,63.3092597296128,"Mahe NW Carbonate"
28,2,63.9799150480525,"Mahe NW Carbonate"
29,2,64.5636186068224,"Mahe NW Carbonate"
30,2,65.0592398641221,"Mahe NW Carbonate"
31,2,65.4932285315456,"Mahe NW Carbonate"
32,2,65.8708038932057,"Mahe NW Carbonate"
33,2,66.2001968172188,"Mahe NW Carbonate"
34,2,66.4838100422686,"Mahe NW Carbonate"
35,2,66.7300068277962,"Mahe NW Carbonate"
36,2,66.9416104236552,"Mahe NW Carbonate"
37,2,67.1243279854632,"Mahe NW Carbonate"
38,2,67.2799234181574,"Mahe NW Carbonate"
39,2,67.415657565129,"Mahe NW Carbonate"
40,2,67.5318667914807,"Mahe NW Carbonate"
41,2,67.6321692091643,"Mahe NW Carbonate"
42,2,67.7190834352169,"Mahe NW Carbonate"
43,2,67.7938303064549,"Mahe NW Carbonate"
44,2,67.8586788843688,"Mahe NW Carbonate"
45,2,67.9139804703191,"Mahe NW Carbonate"
46,2,67.96132615874,"Mahe NW Carbonate"
47,2,68.001945297015,"Mahe NW Carbonate"
48,2,68.0368263690683,"Mahe NW Carbonate"
49,2,68.0668117636686,"Mahe NW Carbonate"
50,2,68.0925754219963,"Mahe NW Carbonate"
51,2,68.1145658503569,"Mahe NW Carbonate"
52,2,68.1335603606368,"Mahe NW Carbonate"
53,2,68.1499950541505,"Mahe NW Carbonate"
54,2,68.164146720672,"Mahe NW Carbonate"
55,2,68.1762014456628,"Mahe NW Carbonate"
56,2,68.1864813262115,"Mahe NW Carbonate"
57,2,68.195376506379,"Mahe NW Carbonate"
58,2,68.2030016819634,"Mahe NW Carbonate"
59,2,68.2095758882398,"Mahe NW Carbonate"
60,2,68.2153114917311,"Mahe NW Carbonate"
61,2,68.2202333707424,"Mahe NW Carbonate"
62,2,68.2244321489572,"Mahe NW Carbonate"
63,2,68.2280277214499,"Mahe NW Carbonate"
64,2,68.2311177315131,"Mahe NW Carbonate"
65,2,68.2337732413874,"Mahe NW Carbonate"
66,2,68.2360553312672,"Mahe NW Carbonate"
67,2,68.2380164997071,"Mahe NW Carbonate"
68,2,68.2397018680304,"Mahe NW Carbonate"
69,2,68.2411468966299,"Mahe NW Carbonate"
70,2,68.2423831316283,"Mahe NW Carbonate"
71,2,68.2434467528208,"Mahe NW Carbonate"
72,2,68.2443618588347,"Mahe NW Carbonate"
73,2,68.2451491847182,"Mahe NW Carbonate"
74,2,68.2458265711976,"Mahe NW Carbonate"
75,2,68.246409368524,"Mahe NW Carbonate"
76,2,68.2469107840126,"Mahe NW Carbonate"
77,2,68.2473421811145,"Mahe NW Carbonate"
78,2,68.2477133367725,"Mahe NW Carbonate"
79,2,68.248032662873,"Mahe NW Carbonate"
80,2,68.2483073967999,"Mahe NW Carbonate"
81,2,68.2485437653973,"Mahe NW Carbonate"
82,2,68.2487471260491,"Mahe NW Carbonate"
83,2,68.2489220880683,"Mahe NW Carbonate"
84,2,68.2490726171423,"Mahe NW Carbonate"
85,2,68.2492021251979,"Mahe NW Carbonate"
86,2,68.2493134244596,"Mahe NW Carbonate"
87,2,68.2494092831196,"Mahe NW Carbonate"
88,2,68.249491808052,"Mahe NW Carbonate"
89,2,68.2495628037145,"Mahe NW Carbonate"
90,2,68.2496238808552,"Mahe NW Carbonate"
91,2,68.249676425182,"Mahe NW Carbonate"
92,2,68.2497216041614,"Mahe NW Carbonate"
93,2,68.2497604820853,"Mahe NW Carbonate"
94,2,68.2497939915166,"Mahe NW Carbonate"
95,2,68.2498228807569,"Mahe NW Carbonate"
96,2,68.249847718693,"Mahe NW Carbonate"
97,2,68.2498690734718,"Mahe NW Carbonate"
98,2,68.2498874335635,"Mahe NW Carbonate"
99,2,68.2499032439162,"Mahe NW Carbonate"
100,2,68.2499168818844,"Mahe NW Carbonate"
1,3,9.04821463213659,"Mahe NW Granite"
2,3,10.0465850245766,"Mahe NW Granite"
3,3,11.1022129357423,"Mahe NW Granite"
4,3,12.2642722733854,"Mahe NW Granite"
5,3,13.5266492163598,"Mahe NW Granite"
6,3,14.9038398413176,"Mahe NW Granite"
7,3,16.4079217046096,"Mahe NW Granite"
8,3,17.9487089944119,"Mahe NW Granite"
9,3,19.5692602995947,"Mahe NW Granite"
10,3,21.3108241470266,"Mahe NW Granite"
11,3,23.127214116235,"Mahe NW Granite"
12,3,25.0213475746683,"Mahe NW Granite"
13,3,26.9570353246087,"Mahe NW Granite"
14,3,28.9241088706605,"Mahe NW Granite"
15,3,30.9090728109522,"Mahe NW Granite"
16,3,32.8945823712643,"Mahe NW Granite"
17,3,34.8762365006604,"Mahe NW Granite"
18,3,36.8356908655763,"Mahe NW Granite"
19,3,38.7346043622643,"Mahe NW Granite"
20,3,40.6383641716008,"Mahe NW Granite"
21,3,42.4972612966848,"Mahe NW Granite"
22,3,44.2993823669574,"Mahe NW Granite"
23,3,46.0369394042781,"Mahe NW Granite"
24,3,47.7384581656722,"Mahe NW Granite"
25,3,49.3657376807445,"Mahe NW Granite"
26,3,50.9301987561556,"Mahe NW Granite"
27,3,52.4407641608057,"Mahe NW Granite"
28,3,53.8209983719718,"Mahe NW Granite"
29,3,55.1189439131119,"Mahe NW Granite"
30,3,56.3381193861388,"Mahe NW Granite"
31,3,57.4656764935922,"Mahe NW Granite"
32,3,58.5183395951521,"Mahe NW Granite"
33,3,59.5056445496537,"Mahe NW Granite"
34,3,60.4153775483527,"Mahe NW Granite"
35,3,61.2606366675374,"Mahe NW Granite"
36,3,62.0590611158815,"Mahe NW Granite"
37,3,62.7963726609069,"Mahe NW Granite"
38,3,63.4703276191621,"Mahe NW Granite"
39,3,64.0980796115553,"Mahe NW Granite"
40,3,64.6770004496996,"Mahe NW Granite"
41,3,65.2101521006821,"Mahe NW Granite"
42,3,65.7006110123616,"Mahe NW Granite"
43,3,66.14982112551,"Mahe NW Granite"
44,3,66.5621144499441,"Mahe NW Granite"
45,3,66.9416211591716,"Mahe NW Granite"
46,3,67.289351824076,"Mahe NW Granite"
47,3,67.6096458642444,"Mahe NW Granite"
48,3,67.904278029029,"Mahe NW Granite"
49,3,68.1709531411238,"Mahe NW Granite"
50,3,68.4144555972173,"Mahe NW Granite"
51,3,68.6387652727281,"Mahe NW Granite"
52,3,68.8443102204783,"Mahe NW Granite"
53,3,69.032819346916,"Mahe NW Granite"
54,3,69.2061073979243,"Mahe NW Granite"
55,3,69.3636422112119,"Mahe NW Granite"
56,3,69.5061332562799,"Mahe NW Granite"
57,3,69.6358966231373,"Mahe NW Granite"
58,3,69.7529203844257,"Mahe NW Granite"
59,3,69.8585310350843,"Mahe NW Granite"
60,3,69.9548220723287,"Mahe NW Granite"
61,3,70.0425993703081,"Mahe NW Granite"
62,3,70.1226162762373,"Mahe NW Granite"
63,3,70.1963579411095,"Mahe NW Granite"
64,3,70.2634735176444,"Mahe NW Granite"
65,3,70.3245502334897,"Mahe NW Granite"
66,3,70.3801246930534,"Mahe NW Granite"
67,3,70.4306869932177,"Mahe NW Granite"
68,3,70.4767811296883,"Mahe NW Granite"
69,3,70.5187696299426,"Mahe NW Granite"
70,3,70.5569466183723,"Mahe NW Granite"
71,3,70.5916554280442,"Mahe NW Granite"
72,3,70.6232089300205,"Mahe NW Granite"
73,3,70.6518602408288,"Mahe NW Granite"
74,3,70.6779054615165,"Mahe NW Granite"
75,3,70.701444732886,"Mahe NW Granite"
76,3,70.7229512649221,"Mahe NW Granite"
77,3,70.7425023518257,"Mahe NW Granite"
78,3,70.7602750940338,"Mahe NW Granite"
79,3,70.7764723271431,"Mahe NW Granite"
80,3,70.7912136566352,"Mahe NW Granite"
81,3,70.8046073482866,"Mahe NW Granite"
82,3,70.8167762762667,"Mahe NW Granite"
83,3,70.8278321683393,"Mahe NW Granite"
84,3,70.8378766070235,"Mahe NW Granite"
85,3,70.8469518666007,"Mahe NW Granite"
86,3,70.8552009928078,"Mahe NW Granite"
87,3,70.8626991761292,"Mahe NW Granite"
88,3,70.8695146764541,"Mahe NW Granite"
89,3,70.8757095665904,"Mahe NW Granite"
90,3,70.8813402899719,"Mahe NW Granite"
91,3,70.8864581686348,"Mahe NW Granite"
92,3,70.8911098658003,"Mahe NW Granite"
93,3,70.8953378070458,"Mahe NW Granite"
94,3,70.899182636534,"Mahe NW Granite"
95,3,70.9026866948257,"Mahe NW Granite"
96,3,70.9058704174415,"Mahe NW Granite"
97,3,70.9087630706567,"Mahe NW Granite"
98,3,70.9113912501483,"Mahe NW Granite"
99,3,70.9137791241315,"Mahe NW Granite"
100,3,70.9159486544579,"Mahe NW Granite"
1,4,12.4858384558302,"Mahe NW Patch"
2,4,13.4619582213912,"Mahe NW Patch"
3,4,14.4629817806217,"Mahe NW Patch"
4,4,15.4970386867619,"Mahe NW Patch"
5,4,16.6085192143645,"Mahe NW Patch"
6,4,17.8040771606664,"Mahe NW Patch"
7,4,18.9799934116289,"Mahe NW Patch"
8,4,20.2305834580373,"Mahe NW Patch"
9,4,21.4802796469566,"Mahe NW Patch"
10,4,22.8080762638277,"Mahe NW Patch"
11,4,24.17056216229,"Mahe NW Patch"
12,4,25.5311447824409,"Mahe NW Patch"
13,4,26.8777858256275,"Mahe NW Patch"
14,4,28.2163023541669,"Mahe NW Patch"
15,4,29.5530802163754,"Mahe NW Patch"
16,4,30.8697872554337,"Mahe NW Patch"
17,4,32.1199536845831,"Mahe NW Patch"
18,4,33.3774618545185,"Mahe NW Patch"
19,4,34.645152389007,"Mahe NW Patch"
20,4,35.8105874080359,"Mahe NW Patch"
21,4,36.9470855958423,"Mahe NW Patch"
22,4,38.0428373539476,"Mahe NW Patch"
23,4,39.0842429826738,"Mahe NW Patch"
24,4,40.091646814785,"Mahe NW Patch"
25,4,41.0436533363439,"Mahe NW Patch"
26,4,41.9432100486411,"Mahe NW Patch"
27,4,42.788477912866,"Mahe NW Patch"
28,4,43.5706320741766,"Mahe NW Patch"
29,4,44.3301156852321,"Mahe NW Patch"
30,4,45.016725096102,"Mahe NW Patch"
31,4,45.6569306186772,"Mahe NW Patch"
32,4,46.2543995799589,"Mahe NW Patch"
33,4,46.8123594834216,"Mahe NW Patch"
34,4,47.3309960960912,"Mahe NW Patch"
35,4,47.8098658174628,"Mahe NW Patch"
36,4,48.2538502009668,"Mahe NW Patch"
37,4,48.6705096315646,"Mahe NW Patch"
38,4,49.0562110396886,"Mahe NW Patch"
39,4,49.4136938099742,"Mahe NW Patch"
40,4,49.739163130713,"Mahe NW Patch"
41,4,50.0366611950621,"Mahe NW Patch"
42,4,50.3075444998022,"Mahe NW Patch"
43,4,50.5535828837147,"Mahe NW Patch"
44,4,50.77930951395,"Mahe NW Patch"
45,4,50.9864999953699,"Mahe NW Patch"
46,4,51.1752538200144,"Mahe NW Patch"
47,4,51.3478389004482,"Mahe NW Patch"
48,4,51.5055561700455,"Mahe NW Patch"
49,4,51.6496164035237,"Mahe NW Patch"
50,4,51.7811438738655,"Mahe NW Patch"
51,4,51.9011803792882,"Mahe NW Patch"
52,4,52.0112130342561,"Mahe NW Patch"
53,4,52.1119775360885,"Mahe NW Patch"
54,4,52.2037633750721,"Mahe NW Patch"
55,4,52.2864505768231,"Mahe NW Patch"
56,4,52.3610982887463,"Mahe NW Patch"
57,4,52.4291768043733,"Mahe NW Patch"
58,4,52.4912512355764,"Mahe NW Patch"
59,4,52.5478403107307,"Mahe NW Patch"
60,4,52.5999858743487,"Mahe NW Patch"
61,4,52.6472227579886,"Mahe NW Patch"
62,4,52.6899060635327,"Mahe NW Patch"
63,4,52.7290234563538,"Mahe NW Patch"
64,4,52.764848412491,"Mahe NW Patch"
65,4,52.7974493521888,"Mahe NW Patch"
66,4,52.826996153102,"Mahe NW Patch"
67,4,52.8536227270646,"Mahe NW Patch"
68,4,52.8781965569201,"Mahe NW Patch"
69,4,52.9004401034954,"Mahe NW Patch"
70,4,52.9206484177871,"Mahe NW Patch"
71,4,52.9390435301402,"Mahe NW Patch"
72,4,52.9558649950814,"Mahe NW Patch"
73,4,52.9711805879936,"Mahe NW Patch"
74,4,52.9851124492509,"Mahe NW Patch"
75,4,52.9977850525187,"Mahe NW Patch"
76,4,53.0093117686861,"Mahe NW Patch"
77,4,53.0197958398407,"Mahe NW Patch"
78,4,53.0293312706594,"Mahe NW Patch"
79,4,53.0379702142489,"Mahe NW Patch"
80,4,53.0458187137525,"Mahe NW Patch"
81,4,53.0529680453114,"Mahe NW Patch"
82,4,53.0594724901593,"Mahe NW Patch"
83,4,53.0653901072752,"Mahe NW Patch"
84,4,53.0707914002849,"Mahe NW Patch"
85,4,53.0757063131674,"Mahe NW Patch"
86,4,53.0801769331035,"Mahe NW Patch"
87,4,53.084251525165,"Mahe NW Patch"
88,4,53.0879569324381,"Mahe NW Patch"
89,4,53.0913154696012,"Mahe NW Patch"
90,4,53.0943696473242,"Mahe NW Patch"
91,4,53.0971470221128,"Mahe NW Patch"
92,4,53.0996726599383,"Mahe NW Patch"
93,4,53.1019693605629,"Mahe NW Patch"
94,4,53.1040578617931,"Mahe NW Patch"
95,4,53.1059570254345,"Mahe NW Patch"
96,4,53.1076840065666,"Mahe NW Patch"
97,4,53.1092544076197,"Mahe NW Patch"
98,4,53.1106824186037,"Mahe NW Patch"
99,4,53.1119850192553,"Mahe NW Patch"
100,4,53.113171245616,"Mahe NW Patch"
1,5,13.5825523128488,"Mahe W Carbonate"
2,5,15.0735573189198,"Mahe W Carbonate"
3,5,16.7336068440228,"Mahe W Carbonate"
4,5,18.5541591496652,"Mahe W Carbonate"
5,5,20.496975641218,"Mahe W Carbonate"
6,5,22.5381432871705,"Mahe W Carbonate"
7,5,24.6834314162487,"Mahe W Carbonate"
8,5,26.9637344989391,"Mahe W Carbonate"
9,5,29.3913573785796,"Mahe W Carbonate"
10,5,31.9018324769601,"Mahe W Carbonate"
11,5,34.5159696713018,"Mahe W Carbonate"
12,5,37.2047926619749,"Mahe W Carbonate"
13,5,39.9741265496187,"Mahe W Carbonate"
14,5,42.7026093573837,"Mahe W Carbonate"
15,5,45.4720588566888,"Mahe W Carbonate"
16,5,48.182442260401,"Mahe W Carbonate"
17,5,50.9148050742208,"Mahe W Carbonate"
18,5,53.4934321599786,"Mahe W Carbonate"
19,5,56.0920843482528,"Mahe W Carbonate"
20,5,58.5802366352522,"Mahe W Carbonate"
21,5,60.9405207942793,"Mahe W Carbonate"
22,5,63.2315740557483,"Mahe W Carbonate"
23,5,65.4570267298843,"Mahe W Carbonate"
24,5,67.5709835783087,"Mahe W Carbonate"
25,5,69.5610104339467,"Mahe W Carbonate"
26,5,71.403430577234,"Mahe W Carbonate"
27,5,73.1755520158966,"Mahe W Carbonate"
28,5,74.7936864307223,"Mahe W Carbonate"
29,5,76.3267667533915,"Mahe W Carbonate"
30,5,77.7670344927152,"Mahe W Carbonate"
31,5,79.1046931330324,"Mahe W Carbonate"
32,5,80.3179031680382,"Mahe W Carbonate"
33,5,81.4312716990327,"Mahe W Carbonate"
34,5,82.4508201171286,"Mahe W Carbonate"
35,5,83.3964710881472,"Mahe W Carbonate"
36,5,84.2700522051579,"Mahe W Carbonate"
37,5,85.0764561835015,"Mahe W Carbonate"
38,5,85.8228470653763,"Mahe W Carbonate"
39,5,86.5044361022515,"Mahe W Carbonate"
40,5,87.1115196123914,"Mahe W Carbonate"
41,5,87.6679008358685,"Mahe W Carbonate"
42,5,88.1792894997683,"Mahe W Carbonate"
43,5,88.6446008253499,"Mahe W Carbonate"
44,5,89.0676501186772,"Mahe W Carbonate"
45,5,89.4550613305154,"Mahe W Carbonate"
46,5,89.8065314595568,"Mahe W Carbonate"
47,5,90.1200930828026,"Mahe W Carbonate"
48,5,90.4105979237062,"Mahe W Carbonate"
49,5,90.6735849429603,"Mahe W Carbonate"
50,5,90.9115550465962,"Mahe W Carbonate"
51,5,91.1268016663747,"Mahe W Carbonate"
52,5,91.3199786071715,"Mahe W Carbonate"
53,5,91.4936362437387,"Mahe W Carbonate"
54,5,91.6507888098311,"Mahe W Carbonate"
55,5,91.7935501417637,"Mahe W Carbonate"
56,5,91.9233454177787,"Mahe W Carbonate"
57,5,92.039433610872,"Mahe W Carbonate"
58,5,92.1441572676254,"Mahe W Carbonate"
59,5,92.238155495119,"Mahe W Carbonate"
60,5,92.3232052669188,"Mahe W Carbonate"
61,5,92.4001475015816,"Mahe W Carbonate"
62,5,92.4697461052402,"Mahe W Carbonate"
63,5,92.5329074581198,"Mahe W Carbonate"
64,5,92.5900326025717,"Mahe W Carbonate"
65,5,92.6420213514153,"Mahe W Carbonate"
66,5,92.6889929585872,"Mahe W Carbonate"
67,5,92.7314107393892,"Mahe W Carbonate"
68,5,92.7697134981231,"Mahe W Carbonate"
69,5,92.8042982560289,"Mahe W Carbonate"
70,5,92.8355241366246,"Mahe W Carbonate"
71,5,92.8637159072638,"Mahe W Carbonate"
72,5,92.8891947184647,"Mahe W Carbonate"
73,5,92.9122810241811,"Mahe W Carbonate"
74,5,92.9331105455431,"Mahe W Carbonate"
75,5,92.9519032466831,"Mahe W Carbonate"
76,5,92.9688577728868,"Mahe W Carbonate"
77,5,92.9841534942752,"Mahe W Carbonate"
78,5,92.9979523577966,"Mahe W Carbonate"
79,5,93.0104005647126,"Mahe W Carbonate"
80,5,93.0216300893703,"Mahe W Carbonate"
81,5,93.0317047564926,"Mahe W Carbonate"
82,5,93.04074053085,"Mahe W Carbonate"
83,5,93.0489040748444,"Mahe W Carbonate"
84,5,93.0562789105885,"Mahe W Carbonate"
85,5,93.0629502725599,"Mahe W Carbonate"
86,5,93.0689904624888,"Mahe W Carbonate"
87,5,93.074442790587,"Mahe W Carbonate"
88,5,93.0793842621881,"Mahe W Carbonate"
89,5,93.0838690692143,"Mahe W Carbonate"
90,5,93.0878897023004,"Mahe W Carbonate"
91,5,93.0914998170649,"Mahe W Carbonate"
92,5,93.0947588070406,"Mahe W Carbonate"
93,5,93.097700808964,"Mahe W Carbonate"
94,5,93.1003616906823,"Mahe W Carbonate"
95,5,93.1027727598931,"Mahe W Carbonate"
96,5,93.10494792263,"Mahe W Carbonate"
97,5,93.10691025377,"Mahe W Carbonate"
98,5,93.1086805724453,"Mahe W Carbonate"
99,5,93.1102776623174,"Mahe W Carbonate"
100,5,93.1117184703892,"Mahe W Carbonate"
1,6,15.2946650836669,"Mahe W Granite"
2,6,17.067093473924,"Mahe W Granite"
3,6,18.9984901376486,"Mahe W Granite"
4,6,21.1540177746124,"Mahe W Granite"
5,6,23.4012273756546,"Mahe W Granite"
6,6,25.7635002916533,"Mahe W Granite"
7,6,28.1709274432946,"Mahe W Granite"
8,6,30.6857724490244,"Mahe W Granite"
9,6,33.2929031161495,"Mahe W Granite"
10,6,35.8525155356606,"Mahe W Granite"
11,6,38.3206401451488,"Mahe W Granite"
12,6,40.8351050178771,"Mahe W Granite"
13,6,43.2928273180189,"Mahe W Granite"
14,6,45.6340015127291,"Mahe W Granite"
15,6,47.847643067494,"Mahe W Granite"
16,6,49.9584610912371,"Mahe W Granite"
17,6,51.9427698891786,"Mahe W Granite"
18,6,53.7833153975697,"Mahe W Granite"
19,6,55.4827929654974,"Mahe W Granite"
20,6,57.0561727873797,"Mahe W Granite"
21,6,58.4961540590667,"Mahe W Granite"
22,6,59.837783761382,"Mahe W Granite"
23,6,61.0206343626967,"Mahe W Granite"
24,6,62.079676810118,"Mahe W Granite"
25,6,63.0411938144934,"Mahe W Granite"
26,6,63.9081656030566,"Mahe W Granite"
27,6,64.6789747497144,"Mahe W Granite"
28,6,65.3875086690237,"Mahe W Granite"
29,6,66.0141264462381,"Mahe W Granite"
30,6,66.5524827129413,"Mahe W Granite"
31,6,67.0347307006996,"Mahe W Granite"
32,6,67.4617321446376,"Mahe W Granite"
33,6,67.8427591915237,"Mahe W Granite"
34,6,68.178363807134,"Mahe W Granite"
35,6,68.473521778544,"Mahe W Granite"
36,6,68.7346477396709,"Mahe W Granite"
37,6,68.9661822780479,"Mahe W Granite"
38,6,69.1702526585409,"Mahe W Granite"
39,6,69.3495975478367,"Mahe W Granite"
40,6,69.5061636683974,"Mahe W Granite"
41,6,69.6442417247224,"Mahe W Granite"
42,6,69.7649249256482,"Mahe W Granite"
43,6,69.8710130170905,"Mahe W Granite"
44,6,69.964041582973,"Mahe W Granite"
45,6,70.0451080392459,"Mahe W Granite"
46,6,70.1167021829372,"Mahe W Granite"
47,6,70.1797078649582,"Mahe W Granite"
48,6,70.2357999274202,"Mahe W Granite"
49,6,70.2848070730197,"Mahe W Granite"
50,6,70.3274586154262,"Mahe W Granite"
51,6,70.3639411845705,"Mahe W Granite"
52,6,70.3959741968054,"Mahe W Granite"
53,6,70.4245071484713,"Mahe W Granite"
54,6,70.449492497532,"Mahe W Granite"
55,6,70.4713696566657,"Mahe W Granite"
56,6,70.4905240039542,"Mahe W Granite"
57,6,70.5072934355863,"Mahe W Granite"
58,6,70.5219559684973,"Mahe W Granite"
59,6,70.5346902526549,"Mahe W Granite"
60,6,70.5459243563122,"Mahe W Granite"
61,6,70.5558078346278,"Mahe W Granite"
62,6,70.5644478825887,"Mahe W Granite"
63,6,70.5719786169232,"Mahe W Granite"
64,6,70.5786052021467,"Mahe W Granite"
65,6,70.5844169437947,"Mahe W Granite"
66,6,70.5895009588268,"Mahe W Granite"
67,6,70.5939347455716,"Mahe W Granite"
68,6,70.5978122424999,"Mahe W Granite"
69,6,70.6012058862252,"Mahe W Granite"
70,6,70.6041665907006,"Mahe W Granite"
71,6,70.6067528855005,"Mahe W Granite"
72,6,70.6090181658706,"Mahe W Granite"
73,6,70.6110022638133,"Mahe W Granite"
74,6,70.6127400719398,"Mahe W Granite"
75,6,70.6142621552696,"Mahe W Granite"
76,6,70.6155952874173,"Mahe W Granite"
77,6,70.6167629204758,"Mahe W Granite"
78,6,70.6177855967618,"Mahe W Granite"
79,6,70.6186813095964,"Mahe W Granite"
80,6,70.6194658194104,"Mahe W Granite"
81,6,70.6201529306922,"Mahe W Granite"
82,6,70.6207547346202,"Mahe W Granite"
83,6,70.6212818216224,"Mahe W Granite"
84,6,70.6217434675847,"Mahe W Granite"
85,6,70.6221478680097,"Mahe W Granite"
86,6,70.6225040732534,"Mahe W Granite"
87,6,70.6228157926063,"Mahe W Granite"
88,6,70.6230885816093,"Mahe W Granite"
89,6,70.6233273020655,"Mahe W Granite"
90,6,70.6235362086566,"Mahe W Granite"
91,6,70.6237190247465,"Mahe W Granite"
92,6,70.6238790087245,"Mahe W Granite"
93,6,70.6240190120648,"Mahe W Granite"
94,6,70.6241415301385,"Mahe W Granite"
95,6,70.6242487466819,"Mahe W Granite"
96,6,70.6243425727122,"Mahe W Granite"
97,6,70.6244246805847,"Mahe W Granite"
98,6,70.6244965337968,"Mahe W Granite"
99,6,70.6245594130711,"Mahe W Granite"
100,6,70.6246144391808,"Mahe W Granite"
1,7,23.1555355592099,"Mahe W Patch"
2,7,24.4519607886653,"Mahe W Patch"
3,7,25.7202975493551,"Mahe W Patch"
4,7,27.0748494535405,"Mahe W Patch"
5,7,28.5376257416257,"Mahe W Patch"
6,7,30.0443253682533,"Mahe W Patch"
7,7,31.4662595414235,"Mahe W Patch"
8,7,32.9710212345035,"Mahe W Patch"
9,7,34.5124945493943,"Mahe W Patch"
10,7,36.0717236792726,"Mahe W Patch"
11,7,37.6550742268085,"Mahe W Patch"
12,7,39.2655357267809,"Mahe W Patch"
13,7,40.8246812304984,"Mahe W Patch"
14,7,42.3505099334054,"Mahe W Patch"
15,7,43.9437992679221,"Mahe W Patch"
16,7,45.5026989380378,"Mahe W Patch"
17,7,47.0418905817018,"Mahe W Patch"
18,7,48.5123292963112,"Mahe W Patch"
19,7,49.9291376735376,"Mahe W Patch"
20,7,51.3384919230253,"Mahe W Patch"
21,7,52.7445947182948,"Mahe W Patch"
22,7,54.0323566307254,"Mahe W Patch"
23,7,55.3374688920687,"Mahe W Patch"
24,7,56.5180548938891,"Mahe W Patch"
25,7,57.6553654018851,"Mahe W Patch"
26,7,58.7540589901494,"Mahe W Patch"
27,7,59.8271142622664,"Mahe W Patch"
28,7,60.7992266977354,"Mahe W Patch"
29,7,61.7510922372028,"Mahe W Patch"
30,7,62.6487359830239,"Mahe W Patch"
31,7,63.4978963527636,"Mahe W Patch"
32,7,64.2775914680052,"Mahe W Patch"
33,7,65.0382599886297,"Mahe W Patch"
34,7,65.718776858947,"Mahe W Patch"
35,7,66.3724345396557,"Mahe W Patch"
36,7,66.9782611557689,"Mahe W Patch"
37,7,67.5289626912124,"Mahe W Patch"
38,7,68.040310736066,"Mahe W Patch"
39,7,68.5159896280481,"Mahe W Patch"
40,7,68.9567963664622,"Mahe W Patch"
41,7,69.3722352612385,"Mahe W Patch"
42,7,69.7550850109204,"Mahe W Patch"
43,7,70.1103836292446,"Mahe W Patch"
44,7,70.4398509090034,"Mahe W Patch"
45,7,70.7467096639629,"Mahe W Patch"
46,7,71.0366181735322,"Mahe W Patch"
47,7,71.3035225986028,"Mahe W Patch"
48,7,71.5473111895798,"Mahe W Patch"
49,7,71.7723906852183,"Mahe W Patch"
50,7,71.9800977055639,"Mahe W Patch"
51,7,72.171688861595,"Mahe W Patch"
52,7,72.3483430344463,"Mahe W Patch"
53,7,72.5111640560922,"Mahe W Patch"
54,7,72.6611836844935,"Mahe W Patch"
55,7,72.7993647827676,"Mahe W Patch"
56,7,72.9266046267002,"Mahe W Patch"
57,7,73.0437382779364,"Mahe W Patch"
58,7,73.1529178187301,"Mahe W Patch"
59,7,73.2536517500084,"Mahe W Patch"
60,7,73.3461845983758,"Mahe W Patch"
61,7,73.4303163475796,"Mahe W Patch"
62,7,73.5075151406699,"Mahe W Patch"
63,7,73.578465577291,"Mahe W Patch"
64,7,73.6436637710519,"Mahe W Patch"
65,7,73.7034525586625,"Mahe W Patch"
66,7,73.7574174317221,"Mahe W Patch"
67,7,73.8067464404957,"Mahe W Patch"
68,7,73.8521611377705,"Mahe W Patch"
69,7,73.8939681324949,"Mahe W Patch"
70,7,73.9324506346417,"Mahe W Patch"
71,7,73.9678701449934,"Mahe W Patch"
72,7,74.0006359953993,"Mahe W Patch"
73,7,74.0314173473724,"Mahe W Patch"
74,7,74.0596769684725,"Mahe W Patch"
75,7,74.0856199423028,"Mahe W Patch"
76,7,74.1094349163151,"Mahe W Patch"
77,7,74.1312953802056,"Mahe W Patch"
78,7,74.1512082083338,"Mahe W Patch"
79,7,74.1693344723313,"Mahe W Patch"
80,7,74.1859961023375,"Mahe W Patch"
81,7,74.2013108952791,"Mahe W Patch"
82,7,74.2155549476884,"Mahe W Patch"
83,7,74.2286580597223,"Mahe W Patch"
84,7,74.2406859480854,"Mahe W Patch"
85,7,74.2517265795634,"Mahe W Patch"
86,7,74.2618607671441,"Mahe W Patch"
87,7,74.2711627448963,"Mahe W Patch"
88,7,74.2797120427867,"Mahe W Patch"
89,7,74.2876228347165,"Mahe W Patch"
90,7,74.2948672578574,"Mahe W Patch"
91,7,74.3014509739643,"Mahe W Patch"
92,7,74.3074941804306,"Mahe W Patch"
93,7,74.3130411856274,"Mahe W Patch"
94,7,74.3181326763556,"Mahe W Patch"
95,7,74.3228060121694,"Mahe W Patch"
96,7,74.3270954960479,"Mahe W Patch"
97,7,74.3310326232735,"Mahe W Patch"
98,7,74.3346463102346,"Mahe W Patch"
99,7,74.337963104744,"Mahe W Patch"
100,7,74.3410073793383,"Mahe W Patch"
1,8,6.58502875251804,"Praslin NE Granite"
2,8,9.17643241799272,"Praslin NE Granite"
3,8,12.5698974318863,"Praslin NE Granite"
4,8,16.6242239665062,"Praslin NE Granite"
5,8,21.3800413204187,"Praslin NE Granite"
6,8,26.8409633375691,"Praslin NE Granite"
7,8,32.6212469905929,"Praslin NE Granite"
8,8,38.576422494424,"Praslin NE Granite"
9,8,44.4360812060845,"Praslin NE Granite"
10,8,49.8908724093198,"Praslin NE Granite"
11,8,54.8634710303205,"Praslin NE Granite"
12,8,59.3521676844117,"Praslin NE Granite"
13,8,63.155105246163,"Praslin NE Granite"
14,8,66.4128033748442,"Praslin NE Granite"
15,8,69.1586666621667,"Praslin NE Granite"
16,8,71.4169985275819,"Praslin NE Granite"
17,8,73.2763692498269,"Praslin NE Granite"
18,8,74.7898238157247,"Praslin NE Granite"
19,8,76.0035273529111,"Praslin NE Granite"
20,8,76.9649252654803,"Praslin NE Granite"
21,8,77.7366471968085,"Praslin NE Granite"
22,8,78.3503853624793,"Praslin NE Granite"
23,8,78.8417943572182,"Praslin NE Granite"
24,8,79.2260031810692,"Praslin NE Granite"
25,8,79.5370117356533,"Praslin NE Granite"
26,8,79.7807738638584,"Praslin NE Granite"
27,8,79.9723013615768,"Praslin NE Granite"
28,8,80.1225516954163,"Praslin NE Granite"
29,8,80.2422085314217,"Praslin NE Granite"
30,8,80.335889020552,"Praslin NE Granite"
31,8,80.4097736981265,"Praslin NE Granite"
32,8,80.4683181865943,"Praslin NE Granite"
33,8,80.5147151586778,"Praslin NE Granite"
34,8,80.5513017110893,"Praslin NE Granite"
35,8,80.580187846893,"Praslin NE Granite"
36,8,80.6032287698904,"Praslin NE Granite"
37,8,80.6212413862006,"Praslin NE Granite"
38,8,80.6354196534212,"Praslin NE Granite"
39,8,80.6464923962062,"Praslin NE Granite"
40,8,80.6552201608603,"Praslin NE Granite"
41,8,80.6620948218357,"Praslin NE Granite"
42,8,80.6675235083862,"Praslin NE Granite"
43,8,80.6717923100959,"Praslin NE Granite"
44,8,80.6751489909605,"Praslin NE Granite"
45,8,80.677781337377,"Praslin NE Granite"
46,8,80.6798477092304,"Praslin NE Granite"
47,8,80.6814747510332,"Praslin NE Granite"
48,8,80.6827558606455,"Praslin NE Granite"
49,8,80.6837630343696,"Praslin NE Granite"
50,8,80.6845575460907,"Praslin NE Granite"
51,8,80.6851875429267,"Praslin NE Granite"
52,8,80.685681664612,"Praslin NE Granite"
53,8,80.6860673097663,"Praslin NE Granite"
54,8,80.6863711635972,"Praslin NE Granite"
55,8,80.6866105732876,"Praslin NE Granite"
56,8,80.6867992068706,"Praslin NE Granite"
57,8,80.6869482027737,"Praslin NE Granite"
58,8,80.6870655306003,"Praslin NE Granite"
59,8,80.6871579031474,"Praslin NE Granite"
60,8,80.6872305794308,"Praslin NE Granite"
61,8,80.6872878161076,"Praslin NE Granite"
62,8,80.6873328932174,"Praslin NE Granite"
63,8,80.6873683939799,"Praslin NE Granite"
64,8,80.6873963528287,"Praslin NE Granite"
65,8,80.6874183376569,"Praslin NE Granite"
66,8,80.6874356388861,"Praslin NE Granite"
67,8,80.6874492975003,"Praslin NE Granite"
68,8,80.6874600581253,"Praslin NE Granite"
69,8,80.6874685349921,"Praslin NE Granite"
70,8,80.687475212794,"Praslin NE Granite"
71,8,80.6874804733548,"Praslin NE Granite"
72,8,80.6874846174609,"Praslin NE Granite"
73,8,80.6874878820611,"Praslin NE Granite"
74,8,80.6874904538157,"Praslin NE Granite"
75,8,80.6874924824035,"Praslin NE Granite"
76,8,80.6874940840003,"Praslin NE Granite"
77,8,80.6874953443826,"Praslin NE Granite"
78,8,80.6874963362449,"Praslin NE Granite"
79,8,80.6874971167945,"Praslin NE Granite"
80,8,80.6874977310508,"Praslin NE Granite"
81,8,80.687498214442,"Praslin NE Granite"
82,8,80.6874985948484,"Praslin NE Granite"
83,8,80.6874988942108,"Praslin NE Granite"
84,8,80.687499129795,"Praslin NE Granite"
85,8,80.6874993151889,"Praslin NE Granite"
86,8,80.6874994610853,"Praslin NE Granite"
87,8,80.687499575899,"Praslin NE Granite"
88,8,80.687499666252,"Praslin NE Granite"
89,8,80.6874997373558,"Praslin NE Granite"
90,8,80.6874997933111,"Praslin NE Granite"
91,8,80.6874998373453,"Praslin NE Granite"
92,8,80.6874998719983,"Praslin NE Granite"
93,8,80.6874998992685,"Praslin NE Granite"
94,8,80.687499920729,"Praslin NE Granite"
95,8,80.6874999376173,"Praslin NE Granite"
96,8,80.6874999509077,"Praslin NE Granite"
97,8,80.6874999613666,"Praslin NE Granite"
98,8,80.6874999695973,"Praslin NE Granite"
99,8,80.6874999760744,"Praslin NE Granite"
100,8,80.6874999811717,"Praslin NE Granite"
1,9,4.94274426874074,"Praslin NE Patch"
2,9,5.47669770607232,"Praslin NE Patch"
3,9,6.0554309010188,"Praslin NE Patch"
4,9,6.70918952951252,"Praslin NE Patch"
5,9,7.42598686356029,"Praslin NE Patch"
6,9,8.20818354957789,"Praslin NE Patch"
7,9,9.07218363352852,"Praslin NE Patch"
8,9,9.95510473337391,"Praslin NE Patch"
9,9,10.9424996424323,"Praslin NE Patch"
10,9,12.0100973932535,"Praslin NE Patch"
11,9,13.088010134267,"Praslin NE Patch"
12,9,14.2678478904539,"Praslin NE Patch"
13,9,15.5102057767055,"Praslin NE Patch"
14,9,16.8663726816075,"Praslin NE Patch"
15,9,18.2820243688725,"Praslin NE Patch"
16,9,19.7257312065892,"Praslin NE Patch"
17,9,21.2017508142193,"Praslin NE Patch"
18,9,22.7086718015915,"Praslin NE Patch"
19,9,24.3432517108146,"Praslin NE Patch"
20,9,26.0447296879646,"Praslin NE Patch"
21,9,27.7172000110104,"Praslin NE Patch"
22,9,29.4279502718834,"Praslin NE Patch"
23,9,31.1726450732339,"Praslin NE Patch"
24,9,32.9153790740319,"Praslin NE Patch"
25,9,34.6899607900474,"Praslin NE Patch"
26,9,36.4375029811426,"Praslin NE Patch"
27,9,38.1990609812513,"Praslin NE Patch"
28,9,39.9448967936836,"Praslin NE Patch"
29,9,41.6581812545855,"Praslin NE Patch"
30,9,43.3801628105621,"Praslin NE Patch"
31,9,45.0834793630742,"Praslin NE Patch"
32,9,46.7671101277836,"Praslin NE Patch"
33,9,48.4187727309455,"Praslin NE Patch"
34,9,50.006362226331,"Praslin NE Patch"
35,9,51.5630385533471,"Praslin NE Patch"
36,9,53.0813678452707,"Praslin NE Patch"
37,9,54.5609701553921,"Praslin NE Patch"
38,9,55.9696532332064,"Praslin NE Patch"
39,9,57.3336888098714,"Praslin NE Patch"
40,9,58.6514007342746,"Praslin NE Patch"
41,9,59.9335820728444,"Praslin NE Patch"
42,9,61.1397099839394,"Praslin NE Patch"
43,9,62.2922500427531,"Praslin NE Patch"
44,9,63.3879175937579,"Praslin NE Patch"
45,9,64.4397261098134,"Praslin NE Patch"
46,9,65.4419305093503,"Praslin NE Patch"
47,9,66.3955562961774,"Praslin NE Patch"
48,9,67.3097985338232,"Praslin NE Patch"
49,9,68.1774864888149,"Praslin NE Patch"
50,9,68.9996758323795,"Praslin NE Patch"
51,9,69.7699530657571,"Praslin NE Patch"
52,9,70.493979110027,"Praslin NE Patch"
53,9,71.1777765350833,"Praslin NE Patch"
54,9,71.8321026111536,"Praslin NE Patch"
55,9,72.4492983690734,"Praslin NE Patch"
56,9,73.0310161978417,"Praslin NE Patch"
57,9,73.572000804078,"Praslin NE Patch"
58,9,74.083466855657,"Praslin NE Patch"
59,9,74.5740019792539,"Praslin NE Patch"
60,9,75.0350708518607,"Praslin NE Patch"
61,9,75.4638102455497,"Praslin NE Patch"
62,9,75.8660092110948,"Praslin NE Patch"
63,9,76.2434856914428,"Praslin NE Patch"
64,9,76.5981532760731,"Praslin NE Patch"
65,9,76.9308871196239,"Praslin NE Patch"
66,9,77.2427099670429,"Praslin NE Patch"
67,9,77.5348272098233,"Praslin NE Patch"
68,9,77.8069478877282,"Praslin NE Patch"
69,9,78.061262745512,"Praslin NE Patch"
70,9,78.3007948469877,"Praslin NE Patch"
71,9,78.5248185449227,"Praslin NE Patch"
72,9,78.7343999152013,"Praslin NE Patch"
73,9,78.9304212304415,"Praslin NE Patch"
74,9,79.1137172437118,"Praslin NE Patch"
75,9,79.2850768893597,"Praslin NE Patch"
76,9,79.4452450500418,"Praslin NE Patch"
77,9,79.594924364999,"Praslin NE Patch"
78,9,79.7347770583882,"Praslin NE Patch"
79,9,79.8654267698444,"Praslin NE Patch"
80,9,79.9874603723984,"Praslin NE Patch"
81,9,80.1014297654823,"Praslin NE Patch"
82,9,80.207853633035,"Praslin NE Patch"
83,9,80.3072191586994,"Praslin NE Patch"
84,9,80.3999836918208,"Praslin NE Patch"
85,9,80.486576359442,"Praslin NE Patch"
86,9,80.5673996207566,"Praslin NE Patch"
87,9,80.6428307615659,"Praslin NE Patch"
88,9,80.713186625755,"Praslin NE Patch"
89,9,80.7785622765076,"Praslin NE Patch"
90,9,80.8395824957466,"Praslin NE Patch"
91,9,80.8965333825256,"Praslin NE Patch"
92,9,80.9496827733534,"Praslin NE Patch"
93,9,80.9992813382245,"Praslin NE Patch"
94,9,81.0457869396925,"Praslin NE Patch"
95,9,81.0892567304987,"Praslin NE Patch"
96,9,81.1297954684566,"Praslin NE Patch"
97,9,81.1675989990681,"Praslin NE Patch"
98,9,81.2027036596459,"Praslin NE Patch"
99,9,81.2354016302102,"Praslin NE Patch"
100,9,81.2659044466735,"Praslin NE Patch"
1,10,6.20839871287671,"Praslin SW Granite"
2,10,8.02697185789799,"Praslin SW Granite"
3,10,10.2876302883081,"Praslin SW Granite"
4,10,13.077698492727,"Praslin SW Granite"
5,10,16.3548789193201,"Praslin SW Granite"
6,10,20.1118601888118,"Praslin SW Granite"
7,10,24.3140060174659,"Praslin SW Granite"
8,10,28.9965272320497,"Praslin SW Granite"
9,10,33.9685230191098,"Praslin SW Granite"
10,10,39.297874840439,"Praslin SW Granite"
11,10,44.5055341222511,"Praslin SW Granite"
12,10,49.7290929670095,"Praslin SW Granite"
13,10,54.8869337015592,"Praslin SW Granite"
14,10,59.843823906259,"Praslin SW Granite"
15,10,64.4238818593151,"Praslin SW Granite"
16,10,68.6800343567635,"Praslin SW Granite"
17,10,72.6398333786343,"Praslin SW Granite"
18,10,76.2015915173372,"Praslin SW Granite"
19,10,79.3723488712683,"Praslin SW Granite"
20,10,82.1945211815248,"Praslin SW Granite"
21,10,84.6841981023509,"Praslin SW Granite"
22,10,86.8999722432434,"Praslin SW Granite"
23,10,88.7881555774749,"Praslin SW Granite"
24,10,90.432786005089,"Praslin SW Granite"
25,10,91.8505580420201,"Praslin SW Granite"
26,10,93.0624957709558,"Praslin SW Granite"
27,10,94.101810308845,"Praslin SW Granite"
28,10,94.9831705572233,"Praslin SW Granite"
29,10,95.7512834422024,"Praslin SW Granite"
30,10,96.3897475313931,"Praslin SW Granite"
31,10,96.9431901663128,"Praslin SW Granite"
32,10,97.4222788692877,"Praslin SW Granite"
33,10,97.8229779577516,"Praslin SW Granite"
34,10,98.1605621223132,"Praslin SW Granite"
35,10,98.442088535927,"Praslin SW Granite"
36,10,98.6835359957951,"Praslin SW Granite"
37,10,98.8867271424359,"Praslin SW Granite"
38,10,99.0599284217944,"Praslin SW Granite"
39,10,99.2070150207252,"Praslin SW Granite"
40,10,99.3314132653031,"Praslin SW Granite"
41,10,99.4352133888514,"Praslin SW Granite"
42,10,99.5239545588766,"Praslin SW Granite"
43,10,99.598987433515,"Praslin SW Granite"
44,10,99.6617501276933,"Praslin SW Granite"
45,10,99.7144222368054,"Praslin SW Granite"
46,10,99.7590586688167,"Praslin SW Granite"
47,10,99.7967865770485,"Praslin SW Granite"
48,10,99.8286136512189,"Praslin SW Granite"
49,10,99.8555529050129,"Praslin SW Granite"
50,10,99.878295358724,"Praslin SW Granite"
51,10,99.8972905121604,"Praslin SW Granite"
52,10,99.9131629626077,"Praslin SW Granite"
53,10,99.9266068950466,"Praslin SW Granite"
54,10,99.9380443434549,"Praslin SW Granite"
55,10,99.9477192278133,"Praslin SW Granite"
56,10,99.9559098736865,"Praslin SW Granite"
57,10,99.9628254604131,"Praslin SW Granite"
58,10,99.9686532109168,"Praslin SW Granite"
59,10,99.9735119964406,"Praslin SW Granite"
60,10,99.9776177225289,"Praslin SW Granite"
61,10,99.9810870817553,"Praslin SW Granite"
62,10,99.9840439543554,"Praslin SW Granite"
63,10,99.9865434678984,"Praslin SW Granite"
64,10,99.9886598576879,"Praslin SW Granite"
65,10,99.9904433994173,"Praslin SW Granite"
66,10,99.9919464363401,"Praslin SW Granite"
67,10,99.9932033239421,"Praslin SW Granite"
68,10,99.994267549954,"Praslin SW Granite"
69,10,99.9951699108827,"Praslin SW Granite"
70,10,99.9959338771649,"Praslin SW Granite"
71,10,99.9965762899216,"Praslin SW Granite"
72,10,99.9971128476042,"Praslin SW Granite"
73,10,99.9975642192402,"Praslin SW Granite"
74,10,99.997944762424,"Praslin SW Granite"
75,10,99.9982658511715,"Praslin SW Granite"
76,10,99.9985367746103,"Praslin SW Granite"
77,10,99.9987652661409,"Praslin SW Granite"
78,10,99.9989584611459,"Praslin SW Granite"
79,10,99.9991219521768,"Praslin SW Granite"
80,10,99.999259779358,"Praslin SW Granite"
81,10,99.9993759713182,"Praslin SW Granite"
82,10,99.9994739242793,"Praslin SW Granite"
83,10,99.9995565013287,"Praslin SW Granite"
84,10,99.9996261161117,"Praslin SW Granite"
85,10,99.9996848033828,"Praslin SW Granite"
86,10,99.9997342784853,"Praslin SW Granite"
87,10,99.9997759874913,"Praslin SW Granite"
88,10,99.9998111494725,"Praslin SW Granite"
89,10,99.999840607032,"Praslin SW Granite"
90,10,99.9998654411779,"Praslin SW Granite"
91,10,99.9998864059285,"Praslin SW Granite"
92,10,99.9999041041907,"Praslin SW Granite"
93,10,99.9999190449278,"Praslin SW Granite"
94,10,99.9999316577967,"Praslin SW Granite"
95,10,99.9999423055068,"Praslin SW Granite"
96,10,99.9999512942509,"Praslin SW Granite"
97,10,99.9999588825125,"Praslin SW Granite"
98,10,99.9999653180731,"Praslin SW Granite"
99,10,99.9999707566521,"Praslin SW Granite"
100,10,99.9999753423906,"Praslin SW Granite"
1,11,12.7549952654898,"Ste Anne Granite"
2,11,13.5821920002244,"Ste Anne Granite"
3,11,14.499572475471,"Ste Anne Granite"
4,11,15.446181317067,"Ste Anne Granite"
5,11,16.3807287822029,"Ste Anne Granite"
6,11,17.3748449302038,"Ste Anne Granite"
7,11,18.4532635699222,"Ste Anne Granite"
8,11,19.563110037678,"Ste Anne Granite"
9,11,20.7119156409802,"Ste Anne Granite"
10,11,21.9502166992713,"Ste Anne Granite"
11,11,23.1953387084068,"Ste Anne Granite"
12,11,24.5059347534873,"Ste Anne Granite"
13,11,25.7859913629467,"Ste Anne Granite"
14,11,27.1842279882021,"Ste Anne Granite"
15,11,28.6160576806802,"Ste Anne Granite"
16,11,30.117715321223,"Ste Anne Granite"
17,11,31.6246372372063,"Ste Anne Granite"
18,11,33.1753907979598,"Ste Anne Granite"
19,11,34.7766230160796,"Ste Anne Granite"
20,11,36.3592512271883,"Ste Anne Granite"
21,11,37.9641462948821,"Ste Anne Granite"
22,11,39.6352957299014,"Ste Anne Granite"
23,11,41.3434367671912,"Ste Anne Granite"
24,11,43.0266663111218,"Ste Anne Granite"
25,11,44.77283605548,"Ste Anne Granite"
26,11,46.4570416244207,"Ste Anne Granite"
27,11,48.1655475764704,"Ste Anne Granite"
28,11,49.8408143153713,"Ste Anne Granite"
29,11,51.4870722383393,"Ste Anne Granite"
30,11,53.1486900398399,"Ste Anne Granite"
31,11,54.7878616398746,"Ste Anne Granite"
32,11,56.373733212531,"Ste Anne Granite"
33,11,57.9273151880531,"Ste Anne Granite"
34,11,59.4334867904114,"Ste Anne Granite"
35,11,60.9394807310793,"Ste Anne Granite"
36,11,62.414804763395,"Ste Anne Granite"
37,11,63.8751072407979,"Ste Anne Granite"
38,11,65.2891380959044,"Ste Anne Granite"
39,11,66.6931493680293,"Ste Anne Granite"
40,11,68.0793684384479,"Ste Anne Granite"
41,11,69.424990341339,"Ste Anne Granite"
42,11,70.7292276446662,"Ste Anne Granite"
43,11,71.984828159819,"Ste Anne Granite"
44,11,73.1589034471975,"Ste Anne Granite"
45,11,74.2917971155622,"Ste Anne Granite"
46,11,75.3790254653221,"Ste Anne Granite"
47,11,76.4556097613713,"Ste Anne Granite"
48,11,77.4855038630968,"Ste Anne Granite"
49,11,78.4809556104642,"Ste Anne Granite"
50,11,79.4421906792861,"Ste Anne Granite"
51,11,80.3648965421595,"Ste Anne Granite"
52,11,81.2415652522258,"Ste Anne Granite"
53,11,82.078146340991,"Ste Anne Granite"
54,11,82.8750164221333,"Ste Anne Granite"
55,11,83.6379546907527,"Ste Anne Granite"
56,11,84.3780918333859,"Ste Anne Granite"
57,11,85.087659366444,"Ste Anne Granite"
58,11,85.7648334443597,"Ste Anne Granite"
59,11,86.4051264623258,"Ste Anne Granite"
60,11,87.0162727305326,"Ste Anne Granite"
61,11,87.6049502135886,"Ste Anne Granite"
62,11,88.1625378733547,"Ste Anne Granite"
63,11,88.6931446871075,"Ste Anne Granite"
64,11,89.1978217870124,"Ste Anne Granite"
65,11,89.6776071366838,"Ste Anne Granite"
66,11,90.1335221812343,"Ste Anne Granite"
67,11,90.5665689879054,"Ste Anne Granite"
68,11,90.977727837136,"Ste Anne Granite"
69,11,91.3679552249292,"Ste Anne Granite"
70,11,91.7381822387479,"Ste Anne Granite"
71,11,92.0895757843071,"Ste Anne Granite"
72,11,92.4227241103573,"Ste Anne Granite"
73,11,92.7384662621696,"Ste Anne Granite"
74,11,93.0376255415271,"Ste Anne Granite"
75,11,93.3209957660037,"Ste Anne Granite"
76,11,93.5893412256762,"Ste Anne Granite"
77,11,93.8433968008243,"Ste Anne Granite"
78,11,94.0838682187408,"Ste Anne Granite"
79,11,94.3114324297211,"Ste Anne Granite"
80,11,94.5264021045155,"Ste Anne Granite"
81,11,94.7288162612143,"Ste Anne Granite"
82,11,94.9203283322033,"Ste Anne Granite"
83,11,95.1014940924441,"Ste Anne Granite"
84,11,95.2728444240692,"Ste Anne Granite"
85,11,95.4348860438623,"Ste Anne Granite"
86,11,95.5881022574702,"Ste Anne Granite"
87,11,95.7329537324902,"Ste Anne Granite"
88,11,95.8698792835431,"Ste Anne Granite"
89,11,95.9992966633306,"Ste Anne Granite"
90,11,96.121472697213,"Ste Anne Granite"
91,11,96.2362453135541,"Ste Anne Granite"
92,11,96.3447320006823,"Ste Anne Granite"
93,11,96.4472672375946,"Ste Anne Granite"
94,11,96.54416877464,"Ste Anne Granite"
95,11,96.6357383518466,"Ste Anne Granite"
96,11,96.7227679410356,"Ste Anne Granite"
97,11,96.8051412422149,"Ste Anne Granite"
98,11,96.8829287338037,"Ste Anne Granite"
99,11,96.956380586425,"Ste Anne Granite"
100,11,97.0257338874291,"Ste Anne Granite"
1,12,7.52367516899622,"Ste Anne Patch"
2,12,9.21603536049044,"Ste Anne Patch"
3,12,11.1824007668995,"Ste Anne Patch"
4,12,13.4907251150223,"Ste Anne Patch"
5,12,16.1457028063262,"Ste Anne Patch"
6,12,19.1191287881119,"Ste Anne Patch"
7,12,22.4393526886381,"Ste Anne Patch"
8,12,26.0313018148549,"Ste Anne Patch"
9,12,29.8239381928416,"Ste Anne Patch"
10,12,33.7743219262359,"Ste Anne Patch"
11,12,37.8206435465336,"Ste Anne Patch"
12,12,41.8912785920134,"Ste Anne Patch"
13,12,45.8030359556471,"Ste Anne Patch"
14,12,49.680204198107,"Ste Anne Patch"
15,12,53.3921555533683,"Ste Anne Patch"
16,12,56.8544073055729,"Ste Anne Patch"
17,12,60.1492418734876,"Ste Anne Patch"
18,12,63.1278604231171,"Ste Anne Patch"
19,12,65.892040906747,"Ste Anne Patch"
20,12,68.4194706518762,"Ste Anne Patch"
21,12,70.6917801321397,"Ste Anne Patch"
22,12,72.7232751094944,"Ste Anne Patch"
23,12,74.5507356468824,"Ste Anne Patch"
24,12,76.1557933642216,"Ste Anne Patch"
25,12,77.5904033808983,"Ste Anne Patch"
26,12,78.8524009014211,"Ste Anne Patch"
27,12,79.9559612099461,"Ste Anne Patch"
28,12,80.9270610737794,"Ste Anne Patch"
29,12,81.7896941703357,"Ste Anne Patch"
30,12,82.5291996257434,"Ste Anne Patch"
31,12,83.1827364251598,"Ste Anne Patch"
32,12,83.7437959160762,"Ste Anne Patch"
33,12,84.2283782195329,"Ste Anne Patch"
34,12,84.6544198787316,"Ste Anne Patch"
35,12,85.0173079241526,"Ste Anne Patch"
36,12,85.3335735574717,"Ste Anne Patch"
37,12,85.6070133551845,"Ste Anne Patch"
38,12,85.8452343688207,"Ste Anne Patch"
39,12,86.0507197616647,"Ste Anne Patch"
40,12,86.2275960873974,"Ste Anne Patch"
41,12,86.3790129804847,"Ste Anne Patch"
42,12,86.509844220089,"Ste Anne Patch"
43,12,86.6219163806778,"Ste Anne Patch"
44,12,86.7179609094735,"Ste Anne Patch"
45,12,86.8008849735737,"Ste Anne Patch"
46,12,86.8722990416104,"Ste Anne Patch"
47,12,86.9341595891755,"Ste Anne Patch"
48,12,86.9869495717691,"Ste Anne Patch"
49,12,87.0324961275902,"Ste Anne Patch"
50,12,87.0719070303119,"Ste Anne Patch"
51,12,87.1055780981991,"Ste Anne Patch"
52,12,87.1345435146013,"Ste Anne Patch"
53,12,87.1594428630188,"Ste Anne Patch"
54,12,87.1807479124744,"Ste Anne Patch"
55,12,87.1992371574,"Ste Anne Patch"
56,12,87.2149060943732,"Ste Anne Patch"
57,12,87.2284726298776,"Ste Anne Patch"
58,12,87.2401876122187,"Ste Anne Patch"
59,12,87.2502481713115,"Ste Anne Patch"
60,12,87.2589186758951,"Ste Anne Patch"
61,12,87.266381972129,"Ste Anne Patch"
62,12,87.2728060296141,"Ste Anne Patch"
63,12,87.2783471597972,"Ste Anne Patch"
64,12,87.2831408380265,"Ste Anne Patch"
65,12,87.2872700444247,"Ste Anne Patch"
66,12,87.2908022964483,"Ste Anne Patch"
67,12,87.2938350456751,"Ste Anne Patch"
68,12,87.2964439469809,"Ste Anne Patch"
69,12,87.2986930810991,"Ste Anne Patch"
70,12,87.3006326241529,"Ste Anne Patch"
71,12,87.3022997292958,"Ste Anne Patch"
72,12,87.3037326587785,"Ste Anne Patch"
73,12,87.3049643026614,"Ste Anne Patch"
74,12,87.3060229326982,"Ste Anne Patch"
75,12,87.3069328505297,"Ste Anne Patch"
76,12,87.3077149449778,"Ste Anne Patch"
77,12,87.3083856866998,"Ste Anne Patch"
78,12,87.3089615315245,"Ste Anne Patch"
79,12,87.309456781891,"Ste Anne Patch"
80,12,87.3098820320745,"Ste Anne Patch"
81,12,87.3102490385376,"Ste Anne Patch"
82,12,87.3105640891535,"Ste Anne Patch"
83,12,87.31083504481,"Ste Anne Patch"
84,12,87.3110680769823,"Ste Anne Patch"
85,12,87.3112684934286,"Ste Anne Patch"
86,12,87.311440859061,"Ste Anne Patch"
87,12,87.3115890999029,"Ste Anne Patch"
88,12,87.3117165925001,"Ste Anne Patch"
89,12,87.3118259891433,"Ste Anne Patch"
90,12,87.3119201319868,"Ste Anne Patch"
91,12,87.312001300655,"Ste Anne Patch"
92,12,87.3120711073475,"Ste Anne Patch"
93,12,87.3121311425295,"Ste Anne Patch"
94,12,87.3121827740295,"Ste Anne Patch"
95,12,87.3122271782043,"Ste Anne Patch"
96,12,87.312265366741,"Ste Anne Patch"
97,12,87.312298209709,"Ste Anne Patch"
98,12,87.3123264553832,"Ste Anne Patch"
99,12,87.3123507472934,"Ste Anne Patch"
100,12,87.3123716388866,"Ste Anne Patch"
